address,osSOV_balance,osSOV_unclaimed
0x2bD2201BFE156A71EB0D02837172ffc237218505,0,70373076923076923
0xaDbEE234896B1A53a80D113A7eceF5f2B4AeAED6,0,35186538461538461
0x3fF003142742d54E7c6A0c8dA2861dEAE392Dcce,0,0
0x639c1170066c025B2Aca4361D9Ec7De6998c2576,0,0
0x78f9ddE9838b5F6d58e9134B2D30dfc9d13550c1,0,2213066157129478748
0x99679f6c76d4bdb3082Bd4b944437ECee93D596A,0,0
0xC857a07Ca20babEdA3f76E9Be6B1B2701A29fC11,0,1926544606183631920
0x68911e58f65062066abc81559a6DEf797402f345,0,250639587181134990291
0x3e39235C3822730C0d9F62599D3fDA5cA1366e37,0,69881219924369558204
0xE3f1121A1ddC59572Fa764334Dd007403EACaDdb,0,0
0xBBFd9988eA52EE8C88f7BA28d1db827e73955ae8,0,0
0x9227dFf3a69caC5bc42984256588c88d1581237B,0,662660411071459007
0xC2AF342A3A3b861064792070849cFb33A55552E2,0,0
0x3ce20d8d94Fe41e71190361C2d424CffaFe401Ce,0,0
0x351B2237DF1427AD44b8192ca5EFF13c15f3F26e,0,0
0x2Bd4045d7f9444643C4506C0d8df181392eCbEbF,0,0
0x3c821bB57ea467d6A0fCccE2c853C8C4117Bca84,0,0
0x5e117276A540DfFE52f7406FA453359631B3a6C5,0,0
0x5F8A304af1311EB5630625Bf2042c2ACE00489c3,0,797884615384615384615
0x2E8A5909Ac98c5913a7BA4f8A6Ec2cd32CedE625,0,0
0xA6adEdD1aDc8237aC8c5d3009cC5D4B90Fc0a8CF,0,2177625186448418636
0xb401AbB70432d13e46d65aB4DEe47232437D28d0,0,406976580264285131
0x7579265244a4CB64C4BEa197161A449E16FD28D0,0,0
0xb0cc4ed0CC3c2231581eaf6feA6f422928A23F4F,0,7255852375396518329
0x4B0cf52b56E664b377cb588Cd300Be94B5062B1c,0,12394445842574742712
0x5f9fEbf1F2A99fe11Edad119462DB23f28A6dDBb,0,472500000000000000
0xa8e98bD2D3DA823C7503FE6f4cf2FCD01CF6BE4C,0,270179527241119297683
0xE48440c1f17235038C2B9E535C50fC64c6F8703A,0,63873320840255767027
0x121Acf78D8B71eeC95Da4e5FFBEFbc07674A64Cd,0,0
0xc5fd654bA7c9C9d6b5710Fc347c1306e855Ec582,0,0
0xf9A0c6eEa16E4F4c5ef40D835Eb1A2Fc489F4ACD,0,0
0x77535aEF7F300d9ce6d9dE85A7E813F8DcF23Bc5,0,20786538461538461
0x8d4190772bA1C59138303679c2Ac89E3d00736A7,0,0
0xA9deEDBa572029155090DE0eea714c14015c2043,0,0
0x41a350d22d432C66c2A4E06cDc54A1683782B2Bd,0,0
0xd5C96ACf8004fF1f3c59f284a92F0d964655599a,0,0
0x7a45C487784ea72Dce85D48A9E3F5Ad5EDc34Ee2,0,3740216444480538777
0x922f2928f4d244611e8beF9e8dAD88A5B6E2B59C,0,12028846153846153846
0xba710BE407751FD2c4c8eD7e95c452d11c2E4A85,0,75384069603443427
0x1d0b10032bd425BEA8f2CDe0D52a280243C66965,0,633013306991096971
0xb8128b1063e86C821B287778ed500b36033Ae02B,0,9195353367384434812
0xBa986c82A78db4Cc36D05fd99836C795bece1663,0,0
0x843857D513aB6E360c3E85ce8D85694d2b19450a,0,10293576923076923076
0xA99B5cb190582aE0966778C26188eABbf0feFfb8,0,150569705575226228260
0x8BE13377A580653551c593BD3752241CD807dee0,0,2850220931814240225
0xC1307678f788ec362124090207e81486D06fA4b0,0,0
0x94c74DFA070500E317DddE4d64007FE26ae8aB9A,0,0
0xA70bceaa99dA8CF2EDAe5b17DA79607cBF6286Dd,0,47655153557748300655
0xC4ecb7bA7C8894465Aa3DE607B50bFECde581875,0,6229959598852057396
0x1FA4D89f1d044dCa763610F30E51AAda92C6c38c,0,0
0x0257E54fB88E143511CD2e4B94aaE8e1FA6DE520,0,356368870325081920980
0x90fDF1b91a06e59b736E3a6FbFc5F0D06b4E928f,0,68061082659827435446
0xf63a521ad77803a3b5f92EDdb4613D719d32448a,0,27070983087573544674
0xDfd12D539448385a1A49797e7E72Ece104448546,0,6478129451499409018
0xEAcDD6b4B80Fcb241A4cfAb7f46e886F19c89340,0,0
0xbE01Ac936a0567cE6328524ae50a2aD036f5Cd07,0,0
0x2b5B3c98AD9b7C6b814eDc5e63DD487e6BC5f454,0,27366684015956229185
0x6e4d7FdD7Cae2A616B37a44f0E090A281120D1C1,0,977649665971543642
0xD2FaE24701e3a5B862Fe6EE2F386EC40A872c68b,0,0
0xF50f458AC4961185FAe7C9b5599A119EAcaD009b,0,16052113019360800904
0xBeD7482409659EAB8B9B6EfD746f8a53699bDda6,0,93460938148688639
0x9b06Ce7455D3350D00994a886F77CAD77B5724b6,0,0
0x380321D5ef1596a15B78ff63a7B268399968769C,0,20250000000000000000
0x93624C41A99e17089D0856a974E6c018cBbEE93D,0,0
0xdFcAd7b53504ada98D7a93F02ff049b18Ff2B18C,0,0
0x7214E37eF397Dd58b95888C6B7eBCA5629bd83A5,0,124615384615384
0x285695009860f910f78401345ff353BA6d0cfE58,0,18000000000000000
0x954095D2801Cc6c0526ED8816CA4d99Fbb8a0330,0,0
0x342A085E69aC726B9965AE6Ca0E6f23a23256E03,0,0
0xf50c7B18C127B43CF0De88Ed753f3f8D0235eF8a,0,0
0x442269e9E7cB11AEfD08EB6981Ee7DDEA1Fc938E,0,33267597205150657
0x396dF64508673753BD43fE1465D745CB2Cabc079,0,70857692307692307
0x42Ca6b4266179c47Cd1e19a054214965DF28da78,0,0
0xb3fbDA6D402a4874DB14ffF4495e6dFbD34b6ff4,0,131191536350945898
0x73d9Ac8CDB2E0c7aE1e743CE7078Ab2ea4b08481,0,0
0xf33350b3778985A606468906908eb002644c2D59,0,113249270433969323
0xE93709A5d4AFA46ed6A2D1B4D93dd13137bAbcB9,0,0
0xCbfeaA6D42d5D5A15Cb5D499dd5905e1231aF74a,0,1177316173221223612
0xB9bE759044e13F545225173b286C70410a5ACA31,0,0
0x79432Cc61878Bc3ed352ea311761359a2625AF8F,0,0
0x538aB12CDa2a972c9D37828A7A9239fb97b863b6,0,319086787820585517
0x2d3117E30D36D561f878640B82BE8209fC69eDc0,0,0
0xBeF54c3b0898d005fB500C6931DED87579d7a3A8,0,899569723065547088711
0x907f6BA8cbbc4528D262c69633062B5f8FA95136,0,11809828723107367562
0xaf6Da5C20cd40F43ED023Ee1EA9F9fcbFf724743,0,29402100000000000000
0x709371EBe78323999dD3e1D2d6DE46b1D57b082c,0,0
0x9a32D0389D3910683F5A1851cf3D60564Acb26E2,0,309085504041778035
0xF4A50Ca186DABe0c3A17DE7F88A415488AAf011e,0,127107692307692307692
0xD805Aa04c701049B282a94eCBf6dD6481BFEC162,0,0
0x20ad091f64EB31267C248F6200775561BcA17168,0,0
0x9ccB7EcF70D0481538aD6632BB5D8dd0E909Fcf8,0,0
0x1d1C383D839F4F7426cCdADC7307a2344e66e252,0,6808680000000000
0x52882EC01fEafbF9de48115D10df6BB75CA3912e,0,1062562020939700111
0x49eb2a1eF5bbfD234e4F50c78bCf78177C0F50E7,0,2548609327532716213
0xD3362E86aaBCaf3f3508A6B878Ab41Fcb82F2Bd5,0,37607916951281549
0xC8D69403c231A31a77fD5e6e87367Fc8f12b0c5B,0,143446153846153846
0x0244f3ba246aEE6F6214ea1439bf64084A323FD2,0,253641573715981180
0x08893092E474F58aDaB42eDd09C37A31a13aA8e4,0,0
0x2150e80DAE8359592D2F7A3f83D9DFA4Cd343c71,0,9210302329223794
0x4Ba38d76D13Fd9cb2691DA53490085708D1E5053,0,0
