Address,Amount Staked,Voting Power,VP Mode,Delegated VP,Voluntary VP,Is Vesting
0x060d080fb3e524fc61f4b16144fc39fc37a2ae39,0.0,0.0,voluntary,0.0,0.0,false
0x09f77d14dd558a4d8fc08b2a7330defcf117107d,0.0,0.0,voluntary,0.0,0.0,false
0x0cdf53551f75f2508303b94245b9b708f03a1d83,0.0,0.0,voluntary,0.0,0.0,false
0x14a887bf6adce514753fc81de8a00187a1a7b47a,0.0,0.0,voluntary,0.0,0.0,false
0x18f28be1fb20d5322b0d908b375de41b9d9dd8c9,0.0,0.0,voluntary,0.0,0.0,false
0x19c379fb39e46a4ca2b3e59a12b4c76fbb51e2b7,0.0,0.0,voluntary,0.0,0.0,false
0x1cca95810a1cd6dd316b0ce85783ccc835a77402,0.0,0.0,voluntary,0.0,0.0,false
0x1cf7ae8b006d3116edef8a6d5419ab41109a2c3e,0.0,0.0,voluntary,0.0,0.0,false
0x1eb3b49941c666d398c786745cd059eba5a4be9e,0.0,0.0,voluntary,0.0,0.0,false
0x225b292e2523103b546d83e3ae58c6e57527e2a8,0.0,0.0,voluntary,0.0,0.0,false
0x26fb82cd87338268a77825f168e619d6502e2c99,0.0,0.0,voluntary,0.0,0.0,false
0x283a49b59846dce46752b7ebb7ba5df7a8564960,0.0,0.0,voluntary,0.0,0.0,false
0x287a3bcb53c90f190aed3397d9aeca629766ec9a,0.0,0.0,voluntary,0.0,0.0,false
0x2b1e65441cbbcfb1b91d987e63642911991f2afa,0.0,0.0,voluntary,0.0,0.0,false
0x2b45400a61927e8ba22e379ea00498dc573329c6,0.0,0.0,voluntary,0.0,0.0,false
0x2c85892e5188d47019492ad0711cffaa6d777f01,0.0,0.0,voluntary,0.0,0.0,false
0x30bc553aca18694f6e5b840ef597738b90731114,0.0,0.0,voluntary,0.0,0.0,false
0x30eba9565b347f6da2743d659ebd808e00541b99,0.0,0.0,voluntary,0.0,0.0,false
0x33abd4f9b8af819a543d550400647e1734120008,0.0,0.0,voluntary,0.0,0.0,false
0x348b6f28fe84425b8612fbb099c827fcfa17507c,0.0,0.0,voluntary,0.0,0.0,false
0x380e9bcd38aa621201b7b14231ede711be8cad15,0.0,0.0,voluntary,0.0,0.0,false
0x38862f26fb16dcb7f58a91c23f1f9cc159bb0000,0.0,0.0,voluntary,0.0,0.0,false
0x3889931763a3852644caacbec22ad3e18a8577c3,0.0,0.0,voluntary,0.0,0.0,false
0x3a9e0da873dbe52d7869e2fa76aeed965ffc01dc,0.0,0.0,voluntary,0.0,0.0,false
0x3d170616c9402a2ff5771d85f38bd8f87f97d297,0.0,0.0,voluntary,0.0,0.0,false
0x3d5d7f406ae4ae4ccf1745b6509bd79913ef49c1,0.0,0.0,voluntary,0.0,0.0,false
0x3f84e2b70d215241e7e5aa988b90d1412cd0f8c8,0.0,0.0,voluntary,0.0,0.0,false
0x3ff003142742d54e7c6a0c8da2861deae392dcce,20.0,24.0,voluntary,0.0,24.0,false
0x41a8078e5e5e6af0edce03977168e2b5af90ecf7,1.04976869464777,0.0,voluntary,0.0,0.0,false
0x4434c4683e93bb73f34b026df385125e80069c1f,0.0,0.0,voluntary,0.0,0.0,false
0x4436d0999e0f407252d23a9ce9b7071031a0df77,0.0,0.0,voluntary,0.0,0.0,false
0x464cd65ce856a62d424f1f4ef5feb3c95ac94844,0.0,0.0,voluntary,0.0,0.0,false
0x48731a48591b8a1869fa0f742334532a88b2ce92,0.0,0.0,voluntary,0.0,0.0,false
0x494ee9266560f1a17c2a2438d9d0c55406ff088f,0.0,0.0,voluntary,0.0,0.0,false
0x4e964eb134cb28c4dafb689dd2973192a0b2986f,0.0,0.0,voluntary,0.0,0.0,false
0x50d0a6a2b4115e0177dd23c1fe2b2c75f1fa4005,0.0,0.0,voluntary,0.0,0.0,false
0x518192448edc7ab26a357b8f1412e96a3d354f1a,0.0,0.0,voluntary,0.0,0.0,false
0x54f998ccc66070372b0ca9eb54dfee2c1c4be858,0.0,0.0,voluntary,0.0,0.0,false
0x5772f52d552edc131ca14f14126c08e928b23155,0.0,0.0,voluntary,0.0,0.0,false
0x57c74ff640e2d7316c5fb46d7c393c6560bb447c,0.0,0.0,voluntary,0.0,0.0,false
0x5894a716231109e420600de169734bd2666df89c,555.21610260260078355,5496.639415765747757145,voluntary,0.0,5496.639415765747757145,false
0x598e4690ddb8222480b5b9657579be6b46c61ffa,0.0,0.0,voluntary,0.0,0.0,false
0x5cce53d05e9143aee8723776fd27f669e6f1fb59,0.0,0.0,voluntary,0.0,0.0,false
0x5f357da1cd6f4ea12d2da590eb75e8c47d3d0381,0.0,0.0,voluntary,0.0,0.0,false
0x5f702f65028630a3937d73ebf91697a7f451bedd,0.0,0.0,voluntary,0.0,0.0,false
0x5f7c5220c0bf8889838897f2902d25e6d3b0fcbd,0.0,0.0,voluntary,0.0,0.0,false
0x60090335df2550ee20b564965b817ad18e52a09e,1229.106253650702232524,10693.224406761109422958,voluntary,0.0,10693.224406761109422958,false
0x6298b4449b0417e88cc3a63bf9322742c4a2ef33,1258.533135322914103842,10068.265082583312830736,voluntary,0.0,10068.265082583312830736,false
0x638f0f711c45a43e225c49b3ac1464d4f524a2b3,0.0,0.0,voluntary,0.0,0.0,false
0x65b2689f54618359ecf7455d14fafbfcc180a47a,3039.468615374295072581,30090.739292205521218551,voluntary,0.0,30090.739292205521218551,false
0x65bab1a7550b1fe168cb434830fb959d607e03fc,0.0,0.0,voluntary,0.0,0.0,false
0x68911e58f65062066abc81559a6def797402f345,10000.96572545965277406,14001.352015643513883684,voluntary,0.0,14001.352015643513883684,false
0x72f4c63d3a948b86b9288f4d93b419a76ba88129,0.0,0.0,voluntary,0.0,0.0,false
0x740dce091631e17a17175f810ba2157a9ad64639,0.0,0.0,voluntary,0.0,0.0,false
0x742a7b943546b61dfe7408bcd51a0a6d8f91fcd3,0.0,0.0,voluntary,0.0,0.0,false
0x74dd73d498fceed337a35961e07d29e2b6b24782,2.0,4.2,voluntary,0.0,4.2,false
0x769beebdbf202381fec33336efdf2b49b4001acb,0.0,0.0,voluntary,0.0,0.0,false
0x7ad9386e30e13d3d1268a9f6d9bb7f36f164b6e3,0.0,0.0,voluntary,0.0,0.0,false
0x7f97f1e1173741f971565779cbdeeda97d60d164,59.353008974896424004,540.112381671557458436,voluntary,0.0,540.112381671557458436,false
0x80b230907fef58bf99ad75be76eb437315f8d142,0.0,0.0,voluntary,0.0,0.0,false
0x81e7436ae65a5d3a35793ff1b5dc82e3b12c9a68,104.292075090675343369,1032.491543397685899353,voluntary,0.0,1032.491543397685899353,false
0x84c11998bc94072265cbe837c1d4890237f98e46,0.0,0.0,voluntary,0.0,0.0,false
0x871a67b40ae162439a33424b54f898bb2a710109,0.0,0.0,voluntary,0.0,0.0,false
0x8a4d4a1f50d5927c37ce702497b1927cee6ecb08,0.0,0.0,voluntary,0.0,0.0,false
0x8c534924ac55c7563b592986ca22eacc5d27470f,0.0,0.0,voluntary,0.0,0.0,false
0x918b12a60ef21802cab10261e2a6fc39d305c03d,0.0,0.0,voluntary,0.0,0.0,false
0x95033e0027273b220fba8e9514977b25204425fe,0.0,0.0,voluntary,0.0,0.0,false
0x961c1aaf7fe0d2b84999944362ad90e848b59aa7,0.0,0.0,voluntary,0.0,0.0,false
0x962d4cf024f687e5f04176ead33f461d371a7a0f,0.0,0.0,voluntary,0.0,0.0,false
0x98f2ce1dbf528fa51126a41863e91e8a9a259c46,261.201516558669747535,600.76348808494041933,voluntary,0.0,600.76348808494041933,false
0x99679f6c76d4bdb3082bd4b944437ecee93d596a,0.0,0.0,voluntary,0.0,0.0,false
0xa0da6f9f30e980bc03b25a539c2652b3d5bef212,0.0,0.0,voluntary,0.0,0.0,false
0xa4c4f41bf6742dcd9f549fe68ee386b128b3872f,0.0,0.0,voluntary,0.0,0.0,false
0xab837f3bb0ba520cace8f30f0742c60e38461399,0.0,0.0,voluntary,0.0,0.0,false
0xb3cebcf743faa0b4d5efb2907d280bd7ddf2ddd8,0.0,0.0,voluntary,0.0,0.0,false
0xb757faa4e8948eae292234763a2044865593352a,0.0,0.0,voluntary,0.0,0.0,false
0xba6c3ee93b3c571a92db2a7ea54165eb76f1a628,0.0,0.0,voluntary,0.0,0.0,false
0xba9636ed6a47ff6b4f50060172a01f362b91b7b6,303.633179926982875402,1457.439263649517801929,voluntary,0.0,1457.439263649517801929,false
0xbaeca48d3ab36bedf24dc0e47ec46e84b4709f55,0.0,0.0,voluntary,0.0,0.0,false
0xbb579d861e5885f867d46c126bdfa8025415faaa,0.0,0.0,voluntary,0.0,0.0,false
0xbe8d471def32b6e9f0ed6241780f63d005852dc9,0.0,0.0,voluntary,0.0,0.0,false
0xbf550e97a0859e70579b49700ec9ac55d4bfc361,0.0,0.0,voluntary,0.0,0.0,false
0xc1d00cb4adc2d751673335ec4dbf691f81d5e023,0.0,0.0,voluntary,0.0,0.0,false
0xc3836599de06bc821ce9b99ab30cae1b426760ea,0.0,0.0,voluntary,0.0,0.0,false
0xc3bbcf4260b204ed8d87e62629bc979a2ccc3161,0.0,0.0,voluntary,0.0,0.0,false
0xc5978f0f386b69f60cfd33867de4309752438e79,0.0,0.0,voluntary,0.0,0.0,false
0xc857a07ca20babeda3f76e9be6b1b2701a29fc11,0.0,0.0,voluntary,0.0,0.0,false
0xc8b19839ae371bd541f20b15c3a3cb82bfb6a6c6,0.0,0.0,voluntary,0.0,0.0,false
0xc93a3f243515c65bd0c6f77cc5fd7bc3299ed6f4,0.0,0.0,voluntary,0.0,0.0,false
0xca96a64c6ffb25798aced111db48442bdc8d4e9d,0.0,0.0,voluntary,0.0,0.0,false
0xcceea200668750aeeb155d2c609d8223b054dbd5,0.0,0.0,voluntary,0.0,0.0,false
0xce67147f8cc3d389cbbf6b0d81614f0f3386b612,0.0,0.0,voluntary,0.0,0.0,false
0xcf059f40e9d9504a95c0a879a6c81644c2c96042,0.0,0.0,voluntary,0.0,0.0,false
0xd116f82b52926b421317d3a176c31934023ea6c0,0.0,0.0,voluntary,0.0,0.0,false
0xd2b3f647ebb1ef32b7b366947f50c75bf19a73cb,0.0,0.0,voluntary,0.0,0.0,false
0xd39af3fc016e3e36f10423d885f0f39e9e1d1cc1,0.0,0.0,voluntary,0.0,0.0,false
0xd86076a23c589b5288a65f570bcfd925c972f266,0.0,0.0,voluntary,0.0,0.0,false
0xd9f153db848d8165e855af26c9be7304d3adc2e9,0.0,0.0,voluntary,0.0,0.0,false
0xdb3f49e793743539e192f1f5cf271590941d79f0,0.0,0.0,voluntary,0.0,0.0,false
0xdc284582e6c556fbdc1f85e18afaeb3a6cbdf289,0.0,0.0,voluntary,0.0,0.0,false
0xdd16f14aa9226e7ecc456f8b52427f92eb7b84ee,0.0,0.0,voluntary,0.0,0.0,false
0xde5d6076f557a4c71897d90919b0b0a4ad0a8257,0.0,0.0,voluntary,0.0,0.0,false
0xdeffdce128c9e919a089d48d8530cf52fc179b23,0.0,0.0,voluntary,0.0,0.0,false
0xdf14e16dedcafc209fc7cafd9da0322d8691bdeb,0.0,0.0,voluntary,0.0,0.0,false
0xe0290f11a134e3a0b247d555ae67f1f4f752ce09,0.0,0.0,voluntary,0.0,0.0,false
0xe15affab343f85e275773be71fd85ded53ea75e1,0.0,0.0,voluntary,0.0,0.0,false
0xe48440c1f17235038c2b9e535c50fc64c6f8703a,0.0,0.0,voluntary,0.0,0.0,false
0xe66e9c6c46cdf646edcfd5082503755b448dcf18,0.0,0.0,voluntary,0.0,0.0,false
0xe759b5d4efd26f7d4f40989b644d986a73d774b2,0.0,0.0,voluntary,0.0,0.0,false
0xe7ea6bbed00cf814af6a06d47739231aa82793c4,0.0,0.0,voluntary,0.0,0.0,false
0xe895084850c04af3a57fdd90c0ba42ba440bc3a8,0.0,0.0,voluntary,0.0,0.0,false
0xeb41d485bb7e714da845ffabd3b23d4b37caf611,0.0,0.0,voluntary,0.0,0.0,false
0xed251842b7f1c277d95b7fb1d34904e053242281,0.0,0.0,voluntary,0.0,0.0,false
0xf1d16b920b3c66b2d151d2974d81f80894631b40,0.0,0.0,voluntary,0.0,0.0,false
0xf2aa7991de3c181c7423e92d427b02d0a28b5550,0.0,0.0,voluntary,0.0,0.0,false
0xf32e96c8c7af61522ec2f5d19a38eced963d3306,0.0,0.0,voluntary,0.0,0.0,false
0xf727d89d989681f363a5fbdf128ce4192eb8c479,0.0,0.0,voluntary,0.0,0.0,false
0xf8f2f3c11d730fbaae07571a034104e57c73c9ff,0.0,0.0,voluntary,0.0,0.0,false
0xfbfab8eabc4179693e6d8dd97764a172ab71e037,0.0,0.0,voluntary,0.0,0.0,false
0xfe1c94ab457dafdfc9b38be986bb8b3729891cae,0.0,0.0,voluntary,0.0,0.0,false
