笑容,946037972,0xe11239F7c9027F93BE67fDD40D6bB08eC2FA7E4D,88.00,,3265.44,,1 the total participation is 338 after duplicates were deleted
扛屎臭的铲屎官,1637088831,0x8216364d5275267b5360A85E82af17cED8267B56,88.00,,,,"2 we only calculated the total usdt cost, so we should calculate the # in SOV token (we dont have the price yet)"
王牌、女人,289167357,0xB87E2167CFc1A158f0D0Eb584A47dE26202ACB25,88.00,,,,"3 for the token drop, it is best sovryn team could release to participators since the token is not running on erc so we dont know how to drop these tokens"
枕边人,1491680471,0x169C6E313Ede934794c7446A0b0c9fE28e47a695,8.88,,,,"4 there will be extra cost for gas, which we have no clue on this part. the cost should be covered by the team"
光岳,2267481444,0x6b2a7a05b504D3F99CA3D474a0fC0fB33cb76e4D,8.88,,,,5 we have to pay 500 usdt wage for partner communities as mentioned earlier
常安,57048424,0xf2238eBde215f9d0E79E26063A707563774be32C,8.88,,,,
心,2580249075,0x63c098465e973187C9aa3e35FFc61e76b58f656e,8.88,,,,
晨叶,1572817043,0xDA0dE567231F0348757e13e6349b52e5577d88F1,8.88,,,,
局长,675491761,0xE3Cd9C24D911F2b33d37fd42DCD770D542Ac75CF,8.88,,,,
二十二桥枫别雨,1078362672,0x62CdC30d83FB2587Da214cE66BbDD32f6828850b,8.88,,,,
无聊,2506875434,0xd729b7F9A5D6aa6E329c348E982a3CEe396Ab824,8.88,,,,
乘风破浪,1075383536,0x29A10c4207358cb4638c6370be01dD3b6033edAB,8.88,,,,
阿狸 hx,3357913031,0x660Ec74524ad8890731965f89B50448F2839dD1F,8.88,,,,
一一的一一,794388714,0xB5e810a91b6eeFa875209d5785A59a7534f55C9a,8.88,,,,
陆小胖,1150617091,0x25da313aec8894C500940d835f42691b49F61fBF,8.88,,,,
东方晴儿,2200810747,0xDea12a03db8dF1901Bc95bC7499e65d0FcEA10A9,8.88,,,,
夏日里的春天,383527539,0x65631eC6AFB7f6f17e4993A6E26E508c1409E129,8.88,,,,
天天,907905642,0xC0901fC54E58EBfA972962cA212aa376Cb41fdaE,8.88,,,,
李李李,1953320771,0xBC825fa3d96485Ac8185aA665076680D050eCbCd,8.88,,,,
宋,732544939,0xba648Ad3958559619A11eB9a08Ce718A75Ef0EbC,8.88,,,,
感觉被全世界遗弃 。,498157254,0x1F4755895425459E498EEdD594856096afDED618,8.88,,,,
ygmg,3488835653,0x360ADdE4aA1B31342a839ea0885B506a49F18954,8.88,,,,
草原狼,1072424175,0x4aA3EC5FeBd2F70F323bc35D078c6896d9DDdA0c,8.88,,,,
风火玉麒麟,190199848,0x3C2E01C43D6aDfD5a0CeAdBaB5cD82129026688F,8.88,,,,
从此忘了你,3176784700,0xBC1efC10D5BD2b7FB25A251D138A420Ac9fff2a1,8.88,,,,
梦里星辰,124255610,0xc6e11d3F6539f70f9FC5Cbfe1EcCA41b35f0b171,8.88,,,,
胆小鬼,1570285875,0xa6F7f1588a586C379432d9FaD8ED684ccd80A055,8.88,,,,
2697521,269752149,0x19B8C0B8331D4e24Af642e1B5473D4ddB9B5bD8b,8.88,,,,
蓝叶,1273983357,0x14c4d6eE305B280db91E10064Cc6f610434D138C,8.88,,,,
糊涂,421911473,0xd53D39490b6a51Ef11F51B04653Ebf5736709e1c,8.88,,,,
追着风的影子,1003611477,0xAb4fbF741B3228f4F35802C4Baa217eD8cCF5Eb7,8.88,,,,
Comett,1745942502,0x7bc30C1370Bb9d384DDbFe2F524409fEcaf9e0a0,8.88,,,,
我们都爱看电影,3287348812,0xFAC3d5f32c6371762b54287631abfb1c24981475,8.88,,,,
敬哥哥,402793671,0xB50dB7D51b1f00040f9acE536FCc04ecFFD859dF,8.88,,,,
西西西,31516281,0xD41e9adD3998d3123014368D17c3aDfe404e18e2,8.88,,,,
☞∞☜,1874599408,0x22e041F8822BA44354b0f289aD902c2A6F2d93aE,8.88,,,,
a2849771075@,2849771075,0x93A729edDfb0B5fEbB737284063B61380D51e290,8.88,,,,
~此最√相思,88394066,0x1659Aa930891368913c22227E14f63Ae091F3DD1,8.88,,,,
韭菜哥,57080982,0x9269cfeca5d64887035f11c1fadE2E180935520b,8.88,,,,
心如止水方自安,2738660210,0xAc2beFD93C5F29E52BAa2B1876e99782219B43a7,8.88,,,,
竹訫（SY）,591472664,0x04Cd345a40575470551AA381b3FBF15B6B231737,8.88,,,,
陶子,353710285,0xf87Dd59ff12B6C46089419a2026AcBfE85c98B91,8.88,,,,
樂逸,2062745755,0xC142Af24c2842B0B4bc8DB4db9d370D24eDB933C,8.88,,,,
仁&设,2167767531,0x27067be32E1041558c7935FBe507CECeb2d7C45F,8.88,,,,
流星,43218347,0x8766D22d7670005566aC111170872A2E6fBaF6FF,8.88,,,,
小淘气26,2802325762,0x1Fa9bB51B483DA588766A981fCAd78a76fc22E74,8.88,,,,
年尐獃萌χīň,55479112,0xc203f2a5F71bF9A24aEaAdc6c3D15e7335f1d4A9,8.88,,,,
3504333,350433334,0xE47ac32C9A281181E320777B83aCC07486531C8d,8.88,,,,
滴滴,1028382501,0xb4bAd896451269646cAA7093b007e0ADFf60da18,8.88,,,,
LL,2903106473,0xcA1e60fB5369Ac1E1956086F174E337415889B8F,8.88,,,,
可乐,3242223995,0x0b9592172fCDEE8545999819A395983A2eF4E491,8.88,,,,
五更,2458076561,0x7ec2b420741126db236E1aB5250c41F97B799f08,8.88,,,,
玉米大丰收,1551003582,0xA1e27F15B28998d44b82473cB29BCFd5b28332df,8.88,,,,
╮她笑嫣然,395114426,0x12400Fe7D780e8B252974B9486889B54A3c96e3c,8.88,,,,
加菲猫圈,32336956,0xeBA748a860A1e66f341e4008FBcde46Ea060184F,8.88,,,,
闹闹,3094793237,0x3c05778694ea860eFb4422b7a37974f5a1EdFF79,8.88,,,,
无忧无虑的吹风,1334695364,0x2c03Fa5335b3F3e28e0D039d3b5f41940D3BC082,8.88,,,,
樱花,1214698017,0xE8023C579909290cbEb4dE30A6D5dAfB200EE598,8.88,,,,
新起点,1447839892,0x93bCdaA15b660CC785C1474277873bCB8bd29617,8.88,,,,
五行缺钱,1352439525,0x43B32326bA9e01f04f60381fB174C640145ffa75,8.88,,,,
徐舒,2510292750,0x8Af015b2cAF6b66A8FBF3f33880F6b3fd6f772ec,8.88,,,,
悠悠,3487202254,0x9E209A0a1D1d1eD30Ad88d23dd8C3Fa23b79E842,8.88,,,,
瑕不掩瑜,654793706,0x3d162DF30616fBCFc80Ae6c982Bca3046d4c3193,8.88,,,,
垒垒垒,2440125576,0x48d854304f9e28AAB8381305d21Fe1321e5F0635,8.88,,,,
我爱罗,3320907662,0x58bB05Dc2c27F98a9CcE5820640bC2F6f41B2798,8.88,,,,
媚儿,845038699,0xE0baD7E4D68fF6A22A75fb09a15CF5f2f198FC62,8.88,,,,
柯可周,455850949,0xC0b4479fDbf09777195ef977478A1ff3AD1fCCd2,8.88,,,,
风火轮,1939786195,0x6e7B3d6E8Ae42338C6BeD5C84E37aA00D4df4952,8.88,,,,
朝朝暮暮,2312109358,0x4Ac53592af35B55551B3B7f43E5bfb2968f92eE2,8.88,,,,
summer,87629827,0x644A0C8704618c8d10DB33Ba8cf8EC52E37cCA2E,8.88,,,,
青竹,798024723,0x6A2b3a37dFB60e24B064eA0Fa27a516685546579,8.88,,,,
雪狐,1535886405,0xADCeA203cb4c89bD76a1ff16d65Eb8af1c8ccad4,8.88,,,,
心碎无痕,1327304536,0xc0C0Aa8D622B8D0098d1cF457447690CFb3B10CC,8.88,,,,
四叶草/cy/fendou,2295026159,0xE8E54202a3e38150aF9CA0b4619E075c3C7d6Aa1,8.88,,,,
重阳,1923750282,0x70B0FA499C038c13B27d25B011c4021c86b70917,8.88,,,,
足球宝贝,726815760,0xAf926d671a5E21cCBDeee567d9e36ccF158BdA42,8.88,,,,
眷恋,28100954,0x11Ef593cAF56aE2C3D32d46438233d853273FFf0,8.88,,,,
叶子,16077810,0x2d4CA820Fd2956f478DA945ff63c08900385cEc4,8.88,,,,
伽蓝雨_2011,1259489700,0x9aFf5e4605b4F79F6B11df3dC0ADfdE4e4E548f4,8.88,,,,
潇潇,2960459524,0x23ea0Cd9E8F95E617DDA710e8a36b0D5c85689d4,8.88,,,,
夜,2837708489,0x729e97F15d87297DcdA992dB66F1fACB9E07d01D,8.88,,,,
林林,1871923668,0xE467E16ada4c4E404cE06Eec75d2D0835B2b048C,8.88,,,,
我想静静,3180366122,0x64C7fd6Bd137080953c12365851dCe0d6f585e3a,8.88,,,,
叶子,1146998444,0x04C3E3e0AA2a7C38C6BE38204cFbc01298c730F7,8.88,,,,
小陈,108513097,0x45a8D9154a07dABe4C9ff0b8394D7018b74c4566,8.88,,,,
城垵污水处理厂项目部,573157828,0x6F314820B844275f6C3B3AC51a8982bba6746844,8.88,,,,
燕子（快递淘宝）,736202421,0x5025ff57af9A01c86BCa68040B706fF89478dc83,8.88,,,,
天边看海,416511023,0xE026a66F051A4CB4A6b247848756bA9F0554f963,8.88,,,,
飘渺的雪,165149476,0x019679F4d62F5F68790D2fF9544A14Da72E7887a,8.88,,,,
来喯一个,350344128,0x1C24f3F496D17990BE55E580E3D425bafF1580B1,8.88,,,,
雪儿,1532582904,0xc70bfd7774faBb8bFfcC16281174a7243ed98DCA,8.88,,,,
燕紛飛,490656907,0x4B75f2d65D0C09D327721Df80176febAfE6428D6,8.88,,,,
爱木多,784544475,0x20A58479ad09D8F9bEcA3634f373b0c5d7514E01,8.88,,,,
未来更美好,398421942,0x4eAb7E4A9E9568ecbe44B4F03c44D5D361B8D194,8.88,,,,
心有灵曦,980605328,0xa0dA3E17a068491D3acfC03dD63F5295A332e314,8.88,,,,
娥子,406081663,0x328B6b728c301d8D5FF28215ACA03973DfF373e5,8.88,,,,
我最棒,376111049,0x914a6153d0fE9F61eF70a0254857B191151147B6,8.88,,,,
随风,1811258410,0x0C7eAEa586C7A3A25C5413cF780777901d63522f,8.88,,,,
袁保奎,1636800183,0x364FBA3D82fD12739281961af26243fa4e299cC5,8.88,,,,
苏和,1937759022,0xfF0F53fbdB065D3C592E17e252Bc51062c444114,8.88,,,,
我们的青春、颠沛流离,342844754,0xc06ED600ffb744eEE51603c96F0DD1FB0af71A14,8.88,,,,
九九,3382028180,0xBFf71Bc22fBbF93B94b2b09bCF37D30EE21cf67d,8.88,,,,
岁月静好,304564054,0xD3976f3EAaD2b08443d2cf80003150B15DDa29BE,8.88,,,,
紫贝壳,1012393297,0xFD419bE066c9A47DA0deda0721f7e81bB1f62433,8.88,,,,
米米,2577582721,0x8D3e04050d82715137bcEdb796d451eeC06c992B,8.88,,,,
fancy,759118798,0x33755Ec443f4F996e9D161A283A0b332f0060f16,8.88,,,,
阳阳,1742583100,0x57006399319f0d647cCd6c30E04C8AD0720cA10A,8.88,,,,
我爱我的家,786695671,0xfe86E3e51217bB065A06BB47d66E404E0756Bf74,8.88,,,,
英子,609173380,0xDD436E5D501b5968e46459Fe9DFD6F0Aa09dB671,8.88,,,,
Ms,286026344,0x8d88644b18F000C0Da8c46a4BF2e5a5cb9988796,8.88,,,,
月亮别睡,1748908638,0x561E74D81a0CEa2FBF2Bd9904aa931758A0Ab785,8.88,,,,
深拥为伴i,1002737969,0x50c77E6D46F52d9608E287494409d346cFF9Ffa0,8.88,,,,
依抹梦影人,1300895076,0xFb43615565711860E6D47805bfCB387ae39b849C,8.88,,,,
陈莹,1526696465,0xABDf182bDf3306f72B278BdD9F09edf72C4F5Ae0,8.88,,,,
小龙女,2927144637,0x79f6d127dd64e6202D533096B75762df01f324cA,8.88,,,,
木雕王,1245765739,0x5b30914Fb08edee1C706310dff6A177cb7bc056A,8.88,,,,
灰色头像,2654809861,0x59132974AEdCc49D552B807ffF7Db29eE8e90326,8.88,,,,
angel,450373043,0x7930a24961B01208255ac76e6206D002EEEAF4bC,8.88,,,,
吃糖不吃饭,1660692550,0xa30aE02e83ae57Ff28FDEc6a31845F7eD37f3688,8.88,,,,
呵呵,2797437107,0x81aA58249813A97075B57520d4Ff9DD7b2Bd0A50,8.88,,,,
勿忘我,3115812294,0x1A980F215D7e9BE9afECe320C1DBEa5612f6A0e6,8.88,,,,
难得聪明,1664872408,0x56b470b342aB5154005612A03Cacfd5C814f8BeB,8.88,,,,
哦,2339139445,0x7748469f7B78B2Ee40fA9Ff07CeAe9f4cA36AaEb,8.88,,,,
……,4778297,0x7c6B46E060Bd9075Bf63625ED0e9c292C4DDCD86,8.88,,,,
┌.蔚蓝,64269528,0xb58AA005c6bd7Fb2dd4c4e74a4f76aE430E44c19,8.88,,,,
大佛居士,3184168194,0xA7a05C7122464485Cb4684500453D016aBf2d7A5,8.88,,,,
,187394740,0x70fcE66e76dAb0fe17730042235337e84f007C0E,8.88,,,,
也许,1965550915,0xaE51E97677Fe61752EDa8Ea0f265a9C57b3aEb45,8.88,,,,
红颜惹人醉,2313465973,0x6caE4431a7B65F0d1DEDBb7e9d958c7bCCBddaad,8.88,,,,
骊歌。,18652191160,0xc7e47D14712E411Fa03545418fB328716D5F078E,8.88,,,,
聚来宝-芷汐,528509824,0xed2dc4FeEFf1710b6F494C808CDa5eBC94B29ae8,8.88,,,,
幸福的鱼儿,935663093,0x91cf40EDB0bb617513C3E4F823f0F6c585Be4B0C,8.88,,,,
强迫症。,468961259,0x12a094B10e6aC1F09dF636204B4634804F56451b,8.88,,,,
紫奡,2633676403,0xE70407F580C5C88529B3493d7E35c618A61033E3,8.88,,,,
涵涵,1985044453,0x05BCe6A414fE2C0b2DAA21169ac45A78e1b25F05,8.88,,,,
轨迹。,382597035,0x69a56f8178a369Fbf87e3b1D1dFC9975A01D26a5,8.88,,,,
呆总,3276855502,0x06C35E8c2286a592911Cf8b44B2b681311379462,8.88,,,,
蝶恋花,648460799,0xCDb582247Df6193022E91D14fAC1BA519b4B3EAd,8.88,,,,
与往事干杯,2248265723,0x2C609E69907c7c94E7FcA2033D7a5c07E078f171,8.88,,,,
浅笑嫣然,3555015674,0x4bDCD43F039609C4F3B7Fa2B46508d13644f1BB6,8.88,,,,
QQ,112775216,0x395065774A680a615Ce1b0d28cef02Dc1aE8A1c5,8.88,,,,
三千,2783852311,0xD854FF074EBdfC193174E0a05A6D05AEd1385a07,8.88,,,,
abby,3248617362,0x10AAFec9bAc564403F9DE73E983ec8e39F720A7a,8.88,,,,
橘子【,572214480,0x67919831227Bc83aFDB73868D8Da61615E0ee031,8.88,,,,
僵尸吃了跳跳糖,1989933468,0xb4f9A993b3224BeE04eBa582268bccb65eaC3E5F,8.88,,,,
农村白富美,1877257835,0xB95A73D72276Be37227fF9DB4cec45Db51029cB7,8.88,,,,
ag梦泪,2411420732,0x9B6260EF9f95368E98511B6a6C5ebf5F2B2EE7c1,8.88,,,,
一个人的寂寞,910708732,0x6296cDF52230E68C41bF121Ec9BF0F6956Acf93A,8.88,,,,
十七的梦,1931251192,0x97042ea4307a47659b74e247CD6c99e18CFbB61a,8.88,,,,
等雾走,1391220957,0xB00ddBb0C7d5C13a445D437AFddDB0298b6d6024,8.88,,,,
明明,3331936922,0x24AE0050704B977528182C67974BC76ba474c6B1,8.88,,,,
在最美好的时光遇见你,2901145412,0x5DB60Ec074068191438115b539165F827055A313,8.88,,,,
突然想起某一句,2365591543,0xf2e3f904c54c89F7A713812f4515CC3b346CD9eE,8.88,,,,
Lollipop,634773229,0xa050D9b8524D468297D3b040C21D5C20D82721F3,8.88,,,,
茉莉蜜茶,1607032670,0xFf74A482707F2a61111Fa37Fc4d051D9039B4F71,8.88,,,,
乐事爱土豆,874990330,0xf6aF337f74b566d6199b7fafa3567c32EF049a0c,8.88,,,,
666,453489725,0x01b9DB2672042BC9d88698A2b6bC037809C2d741,8.88,,,,
云云,3072787779,0xb564FcE27BA99647f74Ad73F9F9386E3d2050402,8.88,,,,
大爷有点帅,1548841760,0x91bD41ca2fB5A6d69e37BDF178d2965F365937b3,8.88,,,,
竹影0,1326781424,0x2B15DAcbF07433d4b92D300edf8BD5BA7B989e77,8.88,,,,
微风细雨,2976412447,0xfC1b508Cc478BE2c25F6a0AC561a05EA631CB7F1,8.88,,,,
CYHZQHL,2236851617,0xE3CaF643993e561b66f449eb6D596165B2a8Ec5a,8.88,,,,
吾皇,810975921,0x9bD546EeA3af9FeDe087067F2576cd9d01538992,8.88,,,,
陌笙,3423828834,0xE3D11782944FF674a2e8e0115bD09e91764C977e,8.88,,,,
风起时∮想你,532640630,0xB9469cD3046BCd981910a55059a0B6Af628e8976,8.88,,,,
希芸,1513784475,0xD422322D3ABE130581990EcF6Ce506005379d1be,8.88,,,,
小糊涂神,2671073237,0x3ea518DcF8925b370B8d489caABc0BC8784d77BF,8.88,,,,
六公子,3566124847,0x3Bf7d8ACC07bbB1e9f963BCF66c91045F6d460Df,8.88,,,,
哎哟，我去,120667256,0x38a0241a589468c7caf070eD471a662E905C4c48,8.88,,,,
L̶e̶y̶❀,1294272363,0xF9E8283b22360700E69A6a93aeb0793514Dfe3ca,8.88,,,,
曾经沧海,1058057109,0x9b06aE66185125f4Ed6aa44D91f7D239b65E31b6,8.88,,,,
花海,3545114386,0xc1Eb3a77F466f9A2AeA954d1a285ec79289BD312,8.88,,,,
何去何从,3346430536,0x4e7E329034a924c86D0392D8D98DD3eF6322bFE4,8.88,,,,
不想说,1605566870,0x4D27eC76864611Fc2Af782a528bFccF8C20587d8,8.88,,,,
越努力越幸运,3219087193,0x6Ead8bAB6013583d8903008e628BB5B50e9287B1,8.88,,,,
气质女神,2175242517,0xA5B453D7C67Ad666DF4aCc4Ed1B36aF22b06A4C0,8.88,,,,
结束是另一种开始,2689170532,0xCe64ED78C60e6272f73a9026f98c92202E58eA84,8.88,,,,
雪女孩,55436855,0xD42FC65E7C7302e1d510daFD25d227f7B3208bCF,8.88,,,,
撸他一个亿,519104649,0x3C35eFc7f1A55e74a97eC4E3355C757e5df8b497,8.88,,,,
华女,3505856954,0x87C6d080d8810d7D0862F710Cd6D73189F7d84D8,8.88,,,,
浅笑安然,2388569454,0x8592798BA59bDFdD68539f291e43c92105708bAB,8.88,,,,
网聊被骗17万,1589701350,0x3591F4F66B8b3BCE767181f19ba6DA9D9d1d8ca3,8.88,,,,
轩逸,1938921695,0x145E88dF380fB2078813643C89c11C0F4A3660fa,8.88,,,,
可可,573592425,0x61865FAaede147B87B621C7152ac4146B5D47d90,8.88,,,,
后来多美,772925869,0x09e8Bb5824006EC88d35BB93a38cC2FcA7DdEab4,8.88,,,,
千里之外,3276890296,0xC1Edf56E8325f1eaCF161d5ABb728f3BCFd61811,8.88,,,,
竹影,652678024,0x03841120a2Bc72782b1efa066B0942Edd8c280D6,8.88,,,,
妹子,2606088288,0x889cB44823B35fc53dfC3a8B58A825beB6A737B5,8.88,,,,
小清新,1419934898,0x79CAa2E5dbd2EeFf4351A1890DFC802dAe0FC4Ab,8.88,,,,
微声、否饭,642345168,0xeA014Dd99D6B3e8BD168f59BcC3AaDaF3f24e5D8,8.88,,,,
天涯共此时,2232563049,0xeE52F9E0e1007A409E6C6962caA9933a71025A45,8.88,,,,
来过,5702032,0x0af9c4beC5C22C4B0F890256037E1afCD155e623,8.88,,,,
秦时明月,2718400146,0x7FBA1841eB1db07982C53Aa6632E77F40CFe3828,8.88,,,,
Wang¸,852393020,0x4A598a87e04b87ABBd30731B3657e51dc4C3324a,8.88,,,,
宝贝儿,3544315262,0xF8700C650d69F40EbCb7Bb108eB7883d890B8B6c,8.88,,,,
芊芊艾语,3542233971,0xd11822667340BB31c98D63Bbe674178dFEC1c6bf,8.88,,,,
欣,1821387562,0x15cED2C3209add0988a95A8880020967C1dFD3dB,8.88,,,,
91,169398287,0xf9C68D2ba5946B433c6f7695B4B9308Aa103A32D,8.88,,,,
墨墨,2457090940,0x356d9027D55f928a0f53AC349AE7cd204c3F72Bb,8.88,,,,
恶魔,2488207719,0xE7768d4943Ba3AB5f5B2d8c8EeA407261f56874E,8.88,,,,
不忘初心@,1911389625,0x0eF50850a5bE391d8BF36bF9f3F4f4e604b1b8FF,8.88,,,,
甜甜,1203875565,0x70D3028389799Ede71a69B489F51EF72Fae28bC8,8.88,,,,
梅肥瘦舞,256939605,0x8E67470bA7EAa6e012D2DA67f2B74350396245FF,8.88,,,,
峰,497771932,0xD9506254e076D0e3599Daf2668281116B65a1766,8.88,,,,
宁国府,70582750,0x62A14D57F12B23e8E3acfd64c4DD65D30503e7FD,8.88,,,,
ぃづ 黑白,1137827283,0x8e3a662c7235d6B3EF90BA686F4637DfC10F3aDF,8.88,,,,
穷致疯,2438453540,0x206112Ad67a7661eb5D9CC6eEbF00f64fA03EA6E,8.88,,,,
小熙,2460752782,0x9C7e89767e6a6d244eC476173050f0e2f84Ecbd8,8.88,,,,
画画,2931681434,0x900e8C17c7c2a5865D53FB38Cc8CBd0581BC2094,8.88,,,,
朝雨浥轻尘,3080304641,0xD9914cc85E428BcB7Cb8aEF10e43D51479B71130,8.88,,,,
颤抖吧,673452377,0xeac5B1523D21b55BBbDe13C3c1d058A96F16d426,8.88,,,,
苗苗,2069252175,0x7dD5E675C8E86f3E1864193021a2e80adF84178b,8.88,,,,
魔鬼与天使,3250978668,0x1F569e52d64e5057d00f5488b1AB38751E48DA42,8.88,,,,
守夜的星星,522259311,0xA7eE51111FC3E01bBac432AE62FF69B5e3c08216,8.88,,,,
月,2750144671,0x1670fE215434d5298aEFC79bA2441e5d5e89d060,8.88,,,,
？？？？,651978761,0x9E32c7692e16fEa1885F6bc3e548B2440D563af1,8.88,,,,
兽医107,1580359973,0x4b6837968dca15FCA0763e33E5e86a2D2710fAfC,8.88,,,,
ꦿ℘雯,2070311310,0x946B9Fac45F5134445ca9C621ec78E488fcB1000,8.88,,,,
满城雪,3153543919,0x259B559291Cf3b1590643F15786f0A32bCAdAf06,8.88,,,,
让人,8110560,0x966E96091dF6ce838aa4943e5367D0A5Beb10781,8.88,,,,
飘逸,3561143576,0x241460ecF65f12eD5CB6aA3Acc0011fb8788B93F,8.88,,,,
佳乐无穷,958708386,0xD29FD8ae8af192c78A9487D0ecDF33CC37F0A583,8.88,,,,
幻也,2681828801,0xFC09DD446A047DB6243666C784A8af8240523f5A,8.88,,,,
你撞我心上了,1793391675,0xd3E7eCd45328B082fCf6295E997904943d67dDa3,8.88,,,,
柚柚妹,2350745572,0x41D59538A52EBAa49539f1394A0354698c75Af9d,8.88,,,,
晴天,3292982943,0x68C8d87715253d11Baf3cc01Ea078864A1cAA01f,8.88,,,,
GG,3013944609,0x0436C21a1cCee32DBF1C3fD2Eb79e2d245CC8fD4,8.88,,,,
雪儿,3450387602,0x3151aC4B94AbB4a66464770e6Ff3c7b7e5a0aF93,8.88,,,,
淡写丶甜蜜的回忆,273137821,0x37BA7691e42FE96524E463F372f879A46aB6d908,8.88,,,,
小白,273546404,0xb10e72E45bD400b6E7eF7B7e2d5425E0a49E9ba6,8.88,,,,
㊣の盗梦笔记の㊣,83804352,0x110AF57B6a9C711e54d913FabA8992AF5D54d4EA,8.88,,,,
∝厮守这一生,469598175,0x8027c0580b9bD1206A8FC9A730d6c0c14f93240D,8.88,,,,
永久性,43801491,0x8DDC545379CC5f1b98e3Aa6715C194251771B848,8.88,,,,
时间在变 我在变,936391394,0x58735536358bE8AF3e6B95DeF5F421aDD40db89c,8.88,,,,
不忘初心,1223659860,0x75EDA6De5e457ee454258673d7fb27728cd91A86,8.88,,,,
R Y X,1241212289,0xE74B92a91ADae13B7496892C9E0f5D8591F294F0,8.88,,,,
微微,184305796,0xD276f43B2680f7f407EAcd7b89c14ac9A83354c2,8.88,,,,
封心💔锁爱,764074574,0x2c363F9883e671217174631A76878Bf545bCea2A,8.88,,,,
秘密花园,2212672556,0xb79318Fd31b308D324Fe488EA27F568678816770,8.88,,,,
四季富婆,626978405,0x51c1C2D964b377A554339fBBf66b00B81d0383E6,8.88,,,,
梦幻ア如泡影,35703742,0x98D1fB8Ff8355eDF961e4c1b0De0c1f458eA6837,8.88,,,,
老大,1635273478,0x220343D539328b8C8588554EEF7CDD2b12703736,8.88,,,,
伪装,2767084547,0x0a2ccBD59Dd39aD30036BA5Fa565e96BA48fBFDF,8.88,,,,
夏天,2286474197,0x9d9a0770801b8E7ce097Ffa837F6C45b10e15f11,8.88,,,,
繁星千万,1921994195,0x432279d7132C84831f230653928Dd5ef37193d46,8.88,,,,
源来爱颖,3608571627,0x868CfA0912D7f14C3996257f8dD3186f7b114203,8.88,,,,
啊云,1175225755,0xb6531281687A692c8764AE4A69eeD7db80533EF8,8.88,,,,
尽洗铅华,1926411843,0x365cAC3eF88b8Cca6f1FBf6eBa4207217C862482,8.88,,,,
瑶瑶,2338581606,0x52c495ce27fC1206C828c477994057e200E67d09,8.88,,,,
小臭球,2551331940,0x96DeA9Ffeb2B5fd18B39CEE640D7A758F97E5e61,8.88,,,,
2574392198,2574392198,0x5228b3462dcDF95aAe990a2d959F529bDd5A6F7c,8.88,,,,
神秘人,1437661832,0xeA086e2f19A21339838BC515aF7aAfDD34C64B07,8.88,,,,
一米阳光,3552232031,0x40bA5E554b6a46688D871368417540a58BB75C94,8.88,,,,
宇航员,348101496,0xAC1Dd0321881147dbB4115E9ff6430595282004A,8.88,,,,
初秋冬末,2306009448,0x08DdbBe1C99343f62Dc48b86BD2C7697d7c184F1,8.88,,,,
嫁个外地人,3618583642,0x2e2d274EFC5759e3c57bFA95e2fA0DD3c60dCC48,8.88,,,,
北轩,970298765,0xdEc9108D02F1b3d597BDc52A308A7d88649f2AD9,8.88,,,,
是非成败,958201820,0xc92Bfa3Fa7CF33B49Ec8c3578972781164295428,8.88,,,,
心情,1620642188,0xA592C191bB9aE1d77C661C158722e44F7d899B72,8.88,,,,
明天依旧安好,1120113489,0x2a75f19e7BE4cEd49306e7535B0760D2926D4658,8.88,,,,
安装修空调15862908987,695266734,0x12341ef77F0678EC0a182Fd6317e892caEd89D4d,8.88,,,,
半生,2059407900,0xF57F2DeB3B5954df085080F0fb733874f5d3332B,8.88,,,,
yueyue718,2416710250,0x4F784F5722Af5622c16fBA2098dF5722D0870efF,8.88,,,,
56℃,319413698,0xD326C279c4b16E9449dEf956a7EbB71A566A519D,8.88,,,,
如果有如果,2858612362,0xe1Feb1B57E9d33201b8d95d32b5b3cB0D865bFb3,8.88,,,,
思量的与否,1754203263,0x6D89E3A7c1F380A4D5F9549648d27003834a14dA,8.88,,,,
七^o^七,2419343857,0x5ee2759baE4C17EB78BD59a389c2c076D5D5CDe7,8.88,,,,
少年已不年少,714076881,0x6e29a69850b4E71652D17268A0A608d97fBAD131,8.88,,,,
auttt,2338194454,0xe78C381d90fabE08b59Ac79b03D83985DE90C286,8.88,,,,
北风君-,3192861278,0x1Fcd7dC5b44A30f2C187981014aB5064e37c04C3,8.88,,,,
夜雨蒙蒙,1332994972,0x5B4cF7c9381F49095001dD76Ff343Db8Be39160b,8.88,,,,
R。,1436241563,0x7455758c37c6404499bCbF9Fd748BaB5547BE023,8.88,,,,
芳芳姐,434517968,0x51349932b75ec109962864ef951b6551f81b67de,8.88,,,,
哈哈,154585000,0xd5a1f150a079c6cbB73A7BD585c7362eFff13a5f,8.88,,,,
昊昊,3544194129,0x9f2796398ac020b25647A957E0C31393f49C39b3,8.88,,,,
小欣悦,2936486697,0x7931bC1724C7e2D8e601be0031b36f8B1bf33955,8.88,,,,
👑小阿雪！,3360944022,0x57593333f0e8e0Db8bA53d728ec2cf41B87bF63C,8.88,,,,
潇湘妃子,449083836,0xF9D30b338280FfF07c3AF6Cd6B0aF7AAb4CEBdec,8.88,,,,
回忆,2738756379,0x77Bd5FC1C5cd4e232592b4dFA3503B40c26F7737,8.88,,,,
露,429743284,0xB321424A26E373BF550d740f74b0a5Bd2750065b,8.88,,,,
幸福生活,1207032578,0x7A5852aa098e2ffC87889675F0cd76bE7C2A3320,8.88,,,,
溜肥肠,1570259721,0xE081E5Ae3a47956BDE081f17586D4c17D1075BdE,8.88,,,,
爱神传说,2731922433,0xc904AFFd229E98732Aa3a466676E3728DC66eEbf,8.88,,,,
半夏遮流年,739893521,0xcC7097E8b849F8fA016C6258154A91451D223E34,8.88,,,,
黎明破晓,543112172,0x064470ff0753b61Ae5C7184F47773D207bf24C7E,8.88,,,,
丅一詀垨候,120964074,0xb430A26364e64D46d1e598cC05B5886C1F922E6F,8.88,,,,
星辰,2420895229,0xee6Eeb3615A4dE305463589E27b8d969610e8167,8.88,,,,
南瓜,2737827307,0x443Fd14FB83A880B21EF0f40290e9182569Dcc52,8.88,,,,
高鬼魂,369952455,0xA317881aBaD0D9F3AEAbB59e90b6945711fFc601,8.88,,,,
hehe,3544554252,0x72916B5D6B3B91398fE9b098eE5ECa4f32Eb5794,8.88,,,,
家和万事兴,472296350,0x6f3F2f33971A83bf504cDf0aAA6494c32cCcA44F,8.88,,,,
婷宝,1395035544,0x91B9457525f14EC73BAFB089C6bCa238c2afB9a2,8.88,,,,
Wind,1196238994,0xDC240eFF193696759B7d1fd489e2Da40C089FBB2,8.88,,,,
幸福每一天,1793784010,0xE4186234cb92859Fd0F877D62B66b72A9a5f1401,8.88,,,,
summer,1953932746,0x7F7812B9dF0bFf9424e772Ed4d8B08a97F59D9A9,8.88,,,,
释放自我,174741297,0xFE9A5D062C59B478469E29ecdea3bf0651D25C43,8.88,,,,
夕阳、之醉,1369387532,0x01f61f155f2F7381C2280f90cEe181a205C35517,8.88,,,,
はるな,3613493188,0x487C0581Ad84732CB12554CF268c8Fade1A84774,8.88,,,,
张二宝,2330049972,0x9237b34a85aB33b5485ba760B496C53945114Ccd,8.88,,,,
姐再拽也需要人疼,2225224680,0x6D71bA848Cd3947Ef6c0656C6707f09AFB59c863,8.88,,,,
以前的的不要了,624371416,0xc39f714eDACd4f9D6eDD430138831882032eDB87,8.88,,,,
蓝玫瑰,3070271070,0x929AEa9D3BAeF283aB843fF55Bc1811705334A41,8.88,,,,
东风,376678233,0xF5e281Bfc682cFA6dA78b3ba9697b17Ef570Fa09,8.88,,,,
伶爱,2746000931,0xdB80Cd21db9Fb88d2E9f6fBBB09a630543bc5Efd,8.88,,,,
木子,2750586492,0xd04680BceAA20f850392246775653045362e3866,8.88,,,,
默宝,424664688,0xCE7543d4F115e24D46ba43916a90c9916DFc4502,8.88,,,,
蜡笔尛曦,497738640,0x87B10C1b2C39Ec8c352c597BDA9F682a52d7d63F,8.88,,,,
人生若只如初见,2020394961,0x6A8B6cADDCCc7c5F636b21c0C64057d1BA97a7cf,8.88,,,,
寻情,527752897,0x193F6355DAc06e9Ecd2B2513942D7A5dDCE275D5,8.88,,,,
声微、饭否,1322922560,0x4168E766bdB37c67d9E2961c11Fd061697345Bac,8.88,,,,
云淡风轻,3559362898,0x1F01Ed1d49C4A39685520dD58a355264A99002A8,8.88,,,,
慧韵1112,2254364549,0x4201fF1c4670345feC766F81b2C74253d1d7F8BD,8.88,,,,
心情,1620642188,0xd0F32b997411D24a42ADc0F3cD7219DACF948B61,8.88,,,,
华阳路上花,2487420889,0xE0207C9556972622d81691B23C55Ab12dAA30d8B,8.88,,,,
百合花,2453384488,0x203a060B91dFc01B5A245d9DE1D6eE8683649378,8.88,,,,
花儿,202300837,0xa1FA036D19fe396BAFa799a456b8533cF62120aF,8.88,,,,
嘴甜心狠，才能站稳。,2460386984,0x45ec43939772151e61384FE9351823CBc5D5dFb0,8.88,,,,
踏星而归,959997691,0x831Bf8d9D5931Ef66D0329CD2C8D3E92d6Be0DeA,8.88,,,,
有糖就会笑的孩,3140096584,0xA914ca3561462B969663001b76270799a7Dd0Bce,8.88,,,,
来沉没吧,767969837,0x921A5245790E54Cf8672009F134022461A974392,8.88,,,,
冷暖自知,2924138065,0x636a6a0F32aa6B10B1e832D84521c5d4a562afdB,8.88,,,,
杨彬,2145529587,0x5CD432622BFdF7Af1052247dB0EE79C9d314F1ed,8.88,,,,
起风了,2184923890,0xb5D5763e74004B4ce385d716c84c846BDAb68ee9,8.88,,,,
梦醒了,2156952059,0xd9000615bDf5CCF5907A49Dd4920a33303bc7b7f,8.88,,,,
心心念念,1286976414,0xD4080C27f1948c471f4E67bf8e7763270873eEAa,8.88,,,,
胭脂,3468214722,0x4992028fC3bbCE1bd12C19D6653CcC1C81564C56,8.88,,,,
星雨,3562249762,0xfb4796C8d0F0247D2BAAC593a636c01F72C8214E,8.88,,,,
爱情,748471842,0x22d37092C7034C5726d05C335bAaE5216061ff90,8.88,,,,
木浔与森*.,2917643648,0xC470ab55906AEB4Af2FFfA13eb1f7A01a9a67d80,8.88,,,,
最美,1170766025,0xF9F25AAb412015c6307793695CA502aF3fEE6513,8.88,,,,
迷茫,3261233092,0x98B5361Ca086654AacCcB1865A030Da125430D12,8.88,,,,
航航妈,3224150643,0x58d735d16FbD625E2A761AE5790bAd8bE029c113,8.88,,,,
一家人,3109272871,0x279C2a42689ea6eA9fd3F32d1461cb03D19Ad4d7,8.88,,,,
转身—微笑,407990245,0x7985aF9c51c69C6419CECF9383b7A91F01eE97b9,8.88,,,,
毛毛,2657231779,0xABe24c4cbd92c20B3587be6A24b594B785e83d21,8.88,,,,
Ring0,283199989,0xCD19BC5E00eeed0118eE8a4F2A96E3B76e436338,8.88,,,,
轉裑の失絡,975561620,0xAf548d20D164Ed0fd762e41A30431917b935a70c,8.88,,,,
三球,2113251869,0xA1b03896a698E2b5255a21aE5c3F22c14901517C,8.88,,,,
召唤神灯,3100649774,0xc11aDF2794FE98B85247Ac7E5854aCe19615d75B,8.88,,,,
八宝佛,3184168194,0x634BD18228216718CB4AD7399F984E98cA69065A,8.88,,,,
五妹,29351788,0x1B570D9Ee6b1F7f323DeF9F8E7061A8f72bcC5F9,8.88,,,,