17/03/2021,269.231,Nevr0sed7th,0x7e63C3CDC718908EABf0A02bd737C64bEEc86f17 ,No Vesting
17/03/2021,100.000,Vergas#8227,0x17A3a19D91426f40bf415aE646FA76B8cBeD6a2F ,No Vesting
04/03/2021,18.578,笑容,0xe11239F7c9027F93BE67fDD40D6bB08eC2FA7E4D,No Vesting
04/03/2021,18.578,扛屎臭的铲屎官,0x8216364d5275267b5360A85E82af17cED8267B56,No Vesting
04/03/2021,18.578,王牌、女人,0xB87E2167CFc1A158f0D0Eb584A47dE26202ACB25,No Vesting
04/03/2021,1.875,枕边人,0x169C6E313Ede934794c7446A0b0c9fE28e47a695,No Vesting
04/03/2021,1.875,光岳,0x6b2a7a05b504D3F99CA3D474a0fC0fB33cb76e4D,No Vesting
04/03/2021,1.875,常安,0xf2238eBde215f9d0E79E26063A707563774be32C,No Vesting
04/03/2021,1.875,心,0x63c098465e973187C9aa3e35FFc61e76b58f656e,No Vesting
04/03/2021,1.875,晨叶,0xDA0dE567231F0348757e13e6349b52e5577d88F1,No Vesting
04/03/2021,1.875,局长,0xE3Cd9C24D911F2b33d37fd42DCD770D542Ac75CF,No Vesting
04/03/2021,1.875,二十二桥枫别雨,0x62CdC30d83FB2587Da214cE66BbDD32f6828850b,No Vesting
04/03/2021,1.875,无聊,0xd729b7F9A5D6aa6E329c348E982a3CEe396Ab824,No Vesting
04/03/2021,1.875,乘风破浪,0x29A10c4207358cb4638c6370be01dD3b6033edAB,No Vesting
04/03/2021,1.875,阿狸 hx,0x660Ec74524ad8890731965f89B50448F2839dD1F,No Vesting
04/03/2021,1.875,一一的一一,0xB5e810a91b6eeFa875209d5785A59a7534f55C9a,No Vesting
04/03/2021,1.875,陆小胖,0x25da313aec8894C500940d835f42691b49F61fBF,No Vesting
04/03/2021,1.875,东方晴儿,0xDea12a03db8dF1901Bc95bC7499e65d0FcEA10A9,No Vesting
04/03/2021,1.875,夏日里的春天,0x65631eC6AFB7f6f17e4993A6E26E508c1409E129,No Vesting
04/03/2021,1.875,天天,0xC0901fC54E58EBfA972962cA212aa376Cb41fdaE,No Vesting
04/03/2021,1.875,李李李,0xBC825fa3d96485Ac8185aA665076680D050eCbCd,No Vesting
04/03/2021,1.875,宋,0xba648Ad3958559619A11eB9a08Ce718A75Ef0EbC,No Vesting
04/03/2021,1.875,感觉被全世界遗弃 。,0x1F4755895425459E498EEdD594856096afDED618,No Vesting
04/03/2021,1.875,ygmg,0x360ADdE4aA1B31342a839ea0885B506a49F18954,No Vesting
04/03/2021,1.875,草原狼,0x4aA3EC5FeBd2F70F323bc35D078c6896d9DDdA0c,No Vesting
04/03/2021,1.875,风火玉麒麟,0x3C2E01C43D6aDfD5a0CeAdBaB5cD82129026688F,No Vesting
04/03/2021,1.875,从此忘了你,0xBC1efC10D5BD2b7FB25A251D138A420Ac9fff2a1,No Vesting
04/03/2021,1.875,梦里星辰,0xc6e11d3F6539f70f9FC5Cbfe1EcCA41b35f0b171,No Vesting
04/03/2021,1.875,胆小鬼,0xa6F7f1588a586C379432d9FaD8ED684ccd80A055,No Vesting
04/03/2021,1.875,2697521,0x19B8C0B8331D4e24Af642e1B5473D4ddB9B5bD8b,No Vesting
04/03/2021,1.875,蓝叶,0x14c4d6eE305B280db91E10064Cc6f610434D138C,No Vesting
04/03/2021,1.875,糊涂,0xd53D39490b6a51Ef11F51B04653Ebf5736709e1c,No Vesting
04/03/2021,1.875,追着风的影子,0xAb4fbF741B3228f4F35802C4Baa217eD8cCF5Eb7,No Vesting
04/03/2021,1.875,Comett,0x7bc30C1370Bb9d384DDbFe2F524409fEcaf9e0a0,No Vesting
04/03/2021,1.875,我们都爱看电影,0xFAC3d5f32c6371762b54287631abfb1c24981475,No Vesting
04/03/2021,1.875,敬哥哥,0xB50dB7D51b1f00040f9acE536FCc04ecFFD859dF,No Vesting
04/03/2021,1.875,西西西,0xD41e9adD3998d3123014368D17c3aDfe404e18e2,No Vesting
04/03/2021,1.875,☞∞☜,0x22e041F8822BA44354b0f289aD902c2A6F2d93aE,No Vesting
04/03/2021,1.875,a2849771075@,0x93A729edDfb0B5fEbB737284063B61380D51e290,No Vesting
04/03/2021,1.875,~此最√相思,0x1659Aa930891368913c22227E14f63Ae091F3DD1,No Vesting
04/03/2021,1.875,韭菜哥,0x9269cfeca5d64887035f11c1fadE2E180935520b,No Vesting
04/03/2021,1.875,心如止水方自安,0xAc2beFD93C5F29E52BAa2B1876e99782219B43a7,No Vesting
04/03/2021,1.875,竹訫（SY）,0x04Cd345a40575470551AA381b3FBF15B6B231737,No Vesting
04/03/2021,1.875,陶子,0xf87Dd59ff12B6C46089419a2026AcBfE85c98B91,No Vesting
04/03/2021,1.875,樂逸,0xC142Af24c2842B0B4bc8DB4db9d370D24eDB933C,No Vesting
04/03/2021,1.875,仁&设,0x27067be32E1041558c7935FBe507CECeb2d7C45F,No Vesting
04/03/2021,1.875,流星,0x8766D22d7670005566aC111170872A2E6fBaF6FF,No Vesting
04/03/2021,1.875,小淘气26,0x1Fa9bB51B483DA588766A981fCAd78a76fc22E74,No Vesting
04/03/2021,1.875,年尐獃萌χīň,0xc203f2a5F71bF9A24aEaAdc6c3D15e7335f1d4A9,No Vesting
04/03/2021,1.875,3504333,0xE47ac32C9A281181E320777B83aCC07486531C8d,No Vesting
04/03/2021,1.875,滴滴,0xb4bAd896451269646cAA7093b007e0ADFf60da18,No Vesting
04/03/2021,1.875,LL,0xcA1e60fB5369Ac1E1956086F174E337415889B8F,No Vesting
04/03/2021,1.875,可乐,0x0b9592172fCDEE8545999819A395983A2eF4E491,No Vesting
04/03/2021,1.875,五更,0x7ec2b420741126db236E1aB5250c41F97B799f08,No Vesting
04/03/2021,1.875,玉米大丰收,0xA1e27F15B28998d44b82473cB29BCFd5b28332df,No Vesting
04/03/2021,1.875,╮她笑嫣然,0x12400Fe7D780e8B252974B9486889B54A3c96e3c,No Vesting
04/03/2021,1.875,加菲猫圈,0xeBA748a860A1e66f341e4008FBcde46Ea060184F,No Vesting
04/03/2021,1.875,闹闹,0x3c05778694ea860eFb4422b7a37974f5a1EdFF79,No Vesting
04/03/2021,1.875,无忧无虑的吹风,0x2c03Fa5335b3F3e28e0D039d3b5f41940D3BC082,No Vesting
04/03/2021,1.875,樱花,0xE8023C579909290cbEb4dE30A6D5dAfB200EE598,No Vesting
04/03/2021,1.875,新起点,0x93bCdaA15b660CC785C1474277873bCB8bd29617,No Vesting
04/03/2021,1.875,五行缺钱,0x43B32326bA9e01f04f60381fB174C640145ffa75,No Vesting
04/03/2021,1.875,徐舒,0x8Af015b2cAF6b66A8FBF3f33880F6b3fd6f772ec,No Vesting
04/03/2021,1.875,悠悠,0x9E209A0a1D1d1eD30Ad88d23dd8C3Fa23b79E842,No Vesting
04/03/2021,1.875,瑕不掩瑜,0x3d162DF30616fBCFc80Ae6c982Bca3046d4c3193,No Vesting
04/03/2021,1.875,垒垒垒,0x48d854304f9e28AAB8381305d21Fe1321e5F0635,No Vesting
04/03/2021,1.875,我爱罗,0x58bB05Dc2c27F98a9CcE5820640bC2F6f41B2798,No Vesting
04/03/2021,1.875,媚儿,0xE0baD7E4D68fF6A22A75fb09a15CF5f2f198FC62,No Vesting
04/03/2021,1.875,柯可周,0xC0b4479fDbf09777195ef977478A1ff3AD1fCCd2,No Vesting
04/03/2021,1.875,风火轮,0x6e7B3d6E8Ae42338C6BeD5C84E37aA00D4df4952,No Vesting
04/03/2021,1.875,朝朝暮暮,0x4Ac53592af35B55551B3B7f43E5bfb2968f92eE2,No Vesting
04/03/2021,1.875,summer,0x644A0C8704618c8d10DB33Ba8cf8EC52E37cCA2E,No Vesting
04/03/2021,1.875,青竹,0x6A2b3a37dFB60e24B064eA0Fa27a516685546579,No Vesting
04/03/2021,1.875,雪狐,0xADCeA203cb4c89bD76a1ff16d65Eb8af1c8ccad4,No Vesting
04/03/2021,1.875,心碎无痕,0xc0C0Aa8D622B8D0098d1cF457447690CFb3B10CC,No Vesting
04/03/2021,1.875,四叶草/cy/fendou,0xE8E54202a3e38150aF9CA0b4619E075c3C7d6Aa1,No Vesting
04/03/2021,1.875,重阳,0x70B0FA499C038c13B27d25B011c4021c86b70917,No Vesting
04/03/2021,1.875,足球宝贝,0xAf926d671a5E21cCBDeee567d9e36ccF158BdA42,No Vesting
04/03/2021,1.875,眷恋,0x11Ef593cAF56aE2C3D32d46438233d853273FFf0,No Vesting
04/03/2021,1.875,叶子,0x2d4CA820Fd2956f478DA945ff63c08900385cEc4,No Vesting
04/03/2021,1.875,伽蓝雨_2011,0x9aFf5e4605b4F79F6B11df3dC0ADfdE4e4E548f4,No Vesting
04/03/2021,1.875,潇潇,0x23ea0Cd9E8F95E617DDA710e8a36b0D5c85689d4,No Vesting
04/03/2021,1.875,夜,0x729e97F15d87297DcdA992dB66F1fACB9E07d01D,No Vesting
04/03/2021,1.875,林林,0xE467E16ada4c4E404cE06Eec75d2D0835B2b048C,No Vesting
04/03/2021,1.875,我想静静,0x64C7fd6Bd137080953c12365851dCe0d6f585e3a,No Vesting
04/03/2021,1.875,叶子,0x04C3E3e0AA2a7C38C6BE38204cFbc01298c730F7,No Vesting
04/03/2021,1.875,小陈,0x45a8D9154a07dABe4C9ff0b8394D7018b74c4566,No Vesting
04/03/2021,1.875,城垵污水处理厂项目部,0x6F314820B844275f6C3B3AC51a8982bba6746844,No Vesting
04/03/2021,1.875,燕子（快递淘宝）,0x5025ff57af9A01c86BCa68040B706fF89478dc83,No Vesting
04/03/2021,1.875,天边看海,0xE026a66F051A4CB4A6b247848756bA9F0554f963,No Vesting
04/03/2021,1.875,飘渺的雪,0x019679F4d62F5F68790D2fF9544A14Da72E7887a,No Vesting
04/03/2021,1.875,来喯一个,0x1C24f3F496D17990BE55E580E3D425bafF1580B1,No Vesting
04/03/2021,1.875,雪儿,0xc70bfd7774faBb8bFfcC16281174a7243ed98DCA,No Vesting
04/03/2021,1.875,燕紛飛,0x4B75f2d65D0C09D327721Df80176febAfE6428D6,No Vesting
04/03/2021,1.875,爱木多,0x20A58479ad09D8F9bEcA3634f373b0c5d7514E01,No Vesting
04/03/2021,1.875,未来更美好,0x4eAb7E4A9E9568ecbe44B4F03c44D5D361B8D194,No Vesting
04/03/2021,1.875,心有灵曦,0xa0dA3E17a068491D3acfC03dD63F5295A332e314,No Vesting
04/03/2021,1.875,娥子,0x328B6b728c301d8D5FF28215ACA03973DfF373e5,No Vesting
04/03/2021,1.875,我最棒,0x914a6153d0fE9F61eF70a0254857B191151147B6,No Vesting
04/03/2021,1.875,随风,0x0C7eAEa586C7A3A25C5413cF780777901d63522f,No Vesting
04/03/2021,1.875,袁保奎,0x364FBA3D82fD12739281961af26243fa4e299cC5,No Vesting
04/03/2021,1.875,苏和,0xfF0F53fbdB065D3C592E17e252Bc51062c444114,No Vesting
04/03/2021,1.875,我们的青春、颠沛流离,0xc06ED600ffb744eEE51603c96F0DD1FB0af71A14,No Vesting
04/03/2021,1.875,九九,0xBFf71Bc22fBbF93B94b2b09bCF37D30EE21cf67d,No Vesting
04/03/2021,1.875,岁月静好,0xD3976f3EAaD2b08443d2cf80003150B15DDa29BE,No Vesting
04/03/2021,1.875,紫贝壳,0xFD419bE066c9A47DA0deda0721f7e81bB1f62433,No Vesting
04/03/2021,1.875,米米,0x8D3e04050d82715137bcEdb796d451eeC06c992B,No Vesting
04/03/2021,1.875,fancy,0x33755Ec443f4F996e9D161A283A0b332f0060f16,No Vesting
04/03/2021,1.875,阳阳,0x57006399319f0d647cCd6c30E04C8AD0720cA10A,No Vesting
04/03/2021,1.875,我爱我的家,0xfe86E3e51217bB065A06BB47d66E404E0756Bf74,No Vesting
04/03/2021,1.875,英子,0xDD436E5D501b5968e46459Fe9DFD6F0Aa09dB671,No Vesting
04/03/2021,1.875,Ms,0x8d88644b18F000C0Da8c46a4BF2e5a5cb9988796,No Vesting
04/03/2021,1.875,月亮别睡,0x561E74D81a0CEa2FBF2Bd9904aa931758A0Ab785,No Vesting
04/03/2021,1.875,深拥为伴i,0x50c77E6D46F52d9608E287494409d346cFF9Ffa0,No Vesting
04/03/2021,1.875,依抹梦影人,0xFb43615565711860E6D47805bfCB387ae39b849C,No Vesting
04/03/2021,1.875,陈莹,0xABDf182bDf3306f72B278BdD9F09edf72C4F5Ae0,No Vesting
04/03/2021,1.875,小龙女,0x79f6d127dd64e6202D533096B75762df01f324cA,No Vesting
04/03/2021,1.875,木雕王,0x5b30914Fb08edee1C706310dff6A177cb7bc056A,No Vesting
04/03/2021,1.875,灰色头像,0x59132974AEdCc49D552B807ffF7Db29eE8e90326,No Vesting
04/03/2021,1.875,angel,0x7930a24961B01208255ac76e6206D002EEEAF4bC,No Vesting
04/03/2021,1.875,吃糖不吃饭,0xa30aE02e83ae57Ff28FDEc6a31845F7eD37f3688,No Vesting
04/03/2021,1.875,呵呵,0x81aA58249813A97075B57520d4Ff9DD7b2Bd0A50,No Vesting
04/03/2021,1.875,勿忘我,0x1A980F215D7e9BE9afECe320C1DBEa5612f6A0e6,No Vesting
04/03/2021,1.875,难得聪明,0x56b470b342aB5154005612A03Cacfd5C814f8BeB,No Vesting
04/03/2021,1.875,哦,0x7748469f7B78B2Ee40fA9Ff07CeAe9f4cA36AaEb,No Vesting
04/03/2021,1.875,……,0x7c6B46E060Bd9075Bf63625ED0e9c292C4DDCD86,No Vesting
04/03/2021,1.875,┌.蔚蓝,0xb58AA005c6bd7Fb2dd4c4e74a4f76aE430E44c19,No Vesting
04/03/2021,1.875,大佛居士,0xA7a05C7122464485Cb4684500453D016aBf2d7A5,No Vesting
04/03/2021,1.875,,0x70fcE66e76dAb0fe17730042235337e84f007C0E,No Vesting
04/03/2021,1.875,也许,0xaE51E97677Fe61752EDa8Ea0f265a9C57b3aEb45,No Vesting
04/03/2021,1.875,红颜惹人醉,0x6caE4431a7B65F0d1DEDBb7e9d958c7bCCBddaad,No Vesting
04/03/2021,1.875,骊歌。,0xc7e47D14712E411Fa03545418fB328716D5F078E,No Vesting
04/03/2021,1.875,聚来宝-芷汐,0xed2dc4FeEFf1710b6F494C808CDa5eBC94B29ae8,No Vesting
04/03/2021,1.875,幸福的鱼儿,0x91cf40EDB0bb617513C3E4F823f0F6c585Be4B0C,No Vesting
04/03/2021,1.875,强迫症。,0x12a094B10e6aC1F09dF636204B4634804F56451b,No Vesting
04/03/2021,1.875,紫奡,0xE70407F580C5C88529B3493d7E35c618A61033E3,No Vesting
04/03/2021,1.875,涵涵,0x05BCe6A414fE2C0b2DAA21169ac45A78e1b25F05,No Vesting
04/03/2021,1.875,轨迹。,0x69a56f8178a369Fbf87e3b1D1dFC9975A01D26a5,No Vesting
04/03/2021,1.875,呆总,0x06C35E8c2286a592911Cf8b44B2b681311379462,No Vesting
04/03/2021,1.875,蝶恋花,0xCDb582247Df6193022E91D14fAC1BA519b4B3EAd,No Vesting
04/03/2021,1.875,与往事干杯,0x2C609E69907c7c94E7FcA2033D7a5c07E078f171,No Vesting
04/03/2021,1.875,浅笑嫣然,0x4bDCD43F039609C4F3B7Fa2B46508d13644f1BB6,No Vesting
04/03/2021,1.875,QQ,0x395065774A680a615Ce1b0d28cef02Dc1aE8A1c5,No Vesting
04/03/2021,1.875,三千,0xD854FF074EBdfC193174E0a05A6D05AEd1385a07,No Vesting
04/03/2021,1.875,abby,0x10AAFec9bAc564403F9DE73E983ec8e39F720A7a,No Vesting
04/03/2021,1.875,橘子【,0x67919831227Bc83aFDB73868D8Da61615E0ee031,No Vesting
04/03/2021,1.875,僵尸吃了跳跳糖,0xb4f9A993b3224BeE04eBa582268bccb65eaC3E5F,No Vesting
04/03/2021,1.875,农村白富美,0xB95A73D72276Be37227fF9DB4cec45Db51029cB7,No Vesting
04/03/2021,1.875,ag梦泪,0x9B6260EF9f95368E98511B6a6C5ebf5F2B2EE7c1,No Vesting
04/03/2021,1.875,一个人的寂寞,0x6296cDF52230E68C41bF121Ec9BF0F6956Acf93A,No Vesting
04/03/2021,1.875,十七的梦,0x97042ea4307a47659b74e247CD6c99e18CFbB61a,No Vesting
04/03/2021,1.875,等雾走,0xB00ddBb0C7d5C13a445D437AFddDB0298b6d6024,No Vesting
04/03/2021,1.875,明明,0x24AE0050704B977528182C67974BC76ba474c6B1,No Vesting
04/03/2021,1.875,在最美好的时光遇见你,0x5DB60Ec074068191438115b539165F827055A313,No Vesting
04/03/2021,1.875,突然想起某一句,0xf2e3f904c54c89F7A713812f4515CC3b346CD9eE,No Vesting
04/03/2021,1.875,Lollipop,0xa050D9b8524D468297D3b040C21D5C20D82721F3,No Vesting
04/03/2021,1.875,茉莉蜜茶,0xFf74A482707F2a61111Fa37Fc4d051D9039B4F71,No Vesting
04/03/2021,1.875,乐事爱土豆,0xf6aF337f74b566d6199b7fafa3567c32EF049a0c,No Vesting
04/03/2021,1.875,666,0x01b9DB2672042BC9d88698A2b6bC037809C2d741,No Vesting
04/03/2021,1.875,云云,0xb564FcE27BA99647f74Ad73F9F9386E3d2050402,No Vesting
04/03/2021,1.875,大爷有点帅,0x91bD41ca2fB5A6d69e37BDF178d2965F365937b3,No Vesting
04/03/2021,1.875,竹影0,0x2B15DAcbF07433d4b92D300edf8BD5BA7B989e77,No Vesting
04/03/2021,1.875,微风细雨,0xfC1b508Cc478BE2c25F6a0AC561a05EA631CB7F1,No Vesting
04/03/2021,1.875,CYHZQHL,0xE3CaF643993e561b66f449eb6D596165B2a8Ec5a,No Vesting
04/03/2021,1.875,吾皇,0x9bD546EeA3af9FeDe087067F2576cd9d01538992,No Vesting
04/03/2021,1.875,陌笙,0xE3D11782944FF674a2e8e0115bD09e91764C977e,No Vesting
04/03/2021,1.875,风起时∮想你,0xB9469cD3046BCd981910a55059a0B6Af628e8976,No Vesting
04/03/2021,1.875,希芸,0xD422322D3ABE130581990EcF6Ce506005379d1be,No Vesting
04/03/2021,1.875,小糊涂神,0x3ea518DcF8925b370B8d489caABc0BC8784d77BF,No Vesting
04/03/2021,1.875,六公子,0x3Bf7d8ACC07bbB1e9f963BCF66c91045F6d460Df,No Vesting