vesting: 0xb77d1aB6a498cDFE3Da422c23A7d90b531865a1F, codeHash: 0x846dfde806e34011ccb73e59643fcaaa4543af5ed5350c12faeacd260422fc0c
vesting: 0xc96333eB5f715a0d813909Ed1083EF13424cffBF, codeHash: 0x4f2529e8f3c89a8fea3bc643e4b93cc67d468e6fcecdd151c72aa9c1e3f66d9e
vesting: 0xa8779dD47c77BDBc95437bf5dC1b885336F30D9C, codeHash: 0xef7099d548e62d7a31e6254baf6023ef0cdc40f1fd542e2a733819ed88dddfaf


vesting: 0x466D1503d338D448EA0dBF236061CA8aAD941e2C, codeHash: 0x846dfde806e34011ccb73e59643fcaaa4543af5ed5350c12faeacd260422fc0c
vesting: 0xD4BaA26Dd9FC0a3D62Db7c8A8cb2872268d58019, codeHash: 0x846dfde806e34011ccb73e59643fcaaa4543af5ed5350c12faeacd260422fc0c
vesting: 0x3330C1dE5ED7ec70aBB2A1Dd519A53F93B14037A, codeHash: 0x846dfde806e34011ccb73e59643fcaaa4543af5ed5350c12faeacd260422fc0c
vesting: 0xB943F2194977ADa97Ef85c9784821b4C38a6d65B, codeHash: 0x846dfde806e34011ccb73e59643fcaaa4543af5ed5350c12faeacd260422fc0c
vesting: 0xAB201F26d72B6B864Cb65cD8ed21A00FEf35148F, codeHash: 0x846dfde806e34011ccb73e59643fcaaa4543af5ed5350c12faeacd260422fc0c

vesting: 0x20B5CF254776cEd6eee76B692A7Ca9178b2cE3C6, codeHash: 0x4f2529e8f3c89a8fea3bc643e4b93cc67d468e6fcecdd151c72aa9c1e3f66d9e
vesting: 0xFD473cB40e4A6a73De6Ce9f0C311Cb7a2cA64454, codeHash: 0x4f2529e8f3c89a8fea3bc643e4b93cc67d468e6fcecdd151c72aa9c1e3f66d9e
vesting: 0xd5f72E163902b8e9Db61387C0A7ce2847E2E02fd, codeHash: 0x4f2529e8f3c89a8fea3bc643e4b93cc67d468e6fcecdd151c72aa9c1e3f66d9e
vesting: 0xF68E6eD84443EB0405E05EBB5038d70922BDbf72, codeHash: 0x4f2529e8f3c89a8fea3bc643e4b93cc67d468e6fcecdd151c72aa9c1e3f66d9e

vesting: 0xb914e8385359931d7c8178Dbbb43C24971d12433, codeHash: 0xef7099d548e62d7a31e6254baf6023ef0cdc40f1fd542e2a733819ed88dddfaf
