id,btc address,value,tx hash,web3 address
1,3Nc7HEoPUNyNKrLCYwx2vUPKKjRwZxVPnG,872690,e923823cd8394b1151f7353e9cb018b24bce77b5817aa137545f0e51e92a9d41,0xC1E34772d681c46Ca85e8016BC94599ed26Ae34A
2,36XbcUzRDGxMfv51CbJMZwXS8YWmEeeANk,2800000,c408ffea93d5af5fbbcf54fe2c3fa5c6e1297718487e3ff18b054ab10f677dfd,0x4A177Cc32e4FA3A9a832225433fe8eCBe78122F6
3,3BKspP5h3C9qLMnn5u9qpewQSwxyMwbMZy,10000000,b06e10cc55b4ded0b54dc4c0c37478c941a37419ecd852a63c81d6fda1f3daeb,0xb18C3D670767d20AB8d0a4d5724d584d75F42e71
4,39HGxd6rFV297ZV7FDG8M8sNsEPESFQVVy,10000000,2012c9cff5bf057968c19d6029bc643590a25530955d1f78519fd5932828a0e6,0xc54e2e81840b65a17C10CC84481BfB0f6360348b
5,391Z7BvSgnpdYrDoiiNgdKs6tZi9T5bqCd,7552595,b1378b80de16b0783ce940cf1973f5efc1c2ec0f06d013dca1204deed1ce4a5e,0xA1cce40CE16F9A81616fFAf49CECCfF425279bE2
6,3MZ8JFZvqxxCXwtiyPv2nJkZDAQqcZKDjf,192000,537cd11d58dce5531281f1fe2f58c3923425b6179b460d8267d6d9e43c2a01e7,0x9e23B76733704cC301B6D15766F33607C1c37A02
7,3NfX1bG7QwceK16mGhr1vrDvueC2uT2cob,10000000,3ddb21b5b0044ae8001f09ecf0ccaa099c8a47f737582e6589e63135e0ca049e,0xac111E501BF5540E2E9339E20BF5f42B910C3213
8,3PKrw8F9XpnsoVPAFcv5LkWpdR9TuqFfpP,2000000,f8c1fd61c9c8606e16f2d5593e9950f88c99818474f37e45db3be1fe6df6c8c6,0x9c146637e73005502D88c5AF4bB4E0DbF6dCC32e
9,3AyZqmtPGrzRbXSniLsHhojX9ZBPQaCS8j,9973100,dc5e506db85c40bce95023ab6e03a6d9162bfea189aaa8907098a8d33a40389b,0x80755dB9568e7a7Ed349D1D3CE964aD86AA31044
10,33VtzZmqsthobnupnMUXbRDbwWr4JM9zbr,10000000,38b86f7230df9ad030bbf87c94e8702f31b5325078d011ac27f65f5fa758ef54,0x0a45e8159F809C47b9e4E0Dd61841343124Ee39E
11,3NnFLAtgC7aHrAaFNq5brzTEThWEMKKhiz,10000000,624f9e78c6d963c6dfe0cc48ff643c49cfefcc7deaad9f93f16e7b72c5beac5f,0xcF3A24407aae7c87bd800c47928C5F20Cd4764D2
12,3DdbbrGd8i3PehBvYF3XWVc2nLPtG3fmm3,10000000,5d5838336d92e206ba63b8a38696b4cf6586fc9a2b9b2487097ee336a11958b6,0x87998F33b86a34fB1f56B5254Ae5e122f5939dba
13,3GMrFRUsok9va48jmw3FGyeRqbF7JtscCV,900000,09b514616a5814c9832475fb1ebff8e5907fa470b315ce688044c6fd15fb44a3,0xB6B4dc3E6Dc8819bF1330189DA7Bc2C2aF4692B4
14,36kkJeQpP4ZsnNDF7fJW2bmpHPpgxU7Ufa,46778,19996cb1c18445d7a52c30291ea4c031acb5b4035dfdd1ce7c319bf60dbd4740,0xd86076A23c589B5288a65F570BCfD925C972F266
15,36kkJeQpP4ZsnNDF7fJW2bmpHPpgxU7Ufa,4000000,879d5f7a76b210961ecbcbb5a778470c9c7ff4b900007f3f01486a9d03357955,0xe9afacF0E574EC964392245a2190E8Fe92C6ABbE
